edition,code,jurisdiction,sf62
2012-2013,ALB,Albania,0.38
2012-2013,ARE,United Arab Emirates,0.76
2012-2013,ARG,Argentina,0.48
2012-2013,AUS,Australia,0.89
2012-2013,AUT,Austria,0.88
2012-2013,BEL,Belgium,0.82
2012-2013,BFA,Burkina Faso,0.63
2012-2013,BGD,Bangladesh,0.22
2012-2013,BGR,Bulgaria,0.45
2012-2013,BIH,Bosnia and Herzegovina,0.47
2012-2013,BLR,Belarus,0.58
2012-2013,BOL,Bolivia,0.38
2012-2013,BRA,Brazil,0.64
2012-2013,BWA,Botswana,0.79
2012-2013,CAN,Canada,0.83
2012-2013,CHL,Chile,0.7
2012-2013,CHN,China,0.46
2012-2013,CIV,Côte d'Ivoire,0.47
2012-2013,CMR,Cameroon,0.29
2012-2013,COL,Colombia,0.6
2012-2013,CZE,Czechia,0.67
2012-2013,DEU,Germany,0.77
2012-2013,DNK,Denmark,0.91
2012-2013,DOM,Dominican Republic,0.55
2012-2013,ECU,Ecuador,0.54
2012-2013,EGY,"Egypt, Arab Rep.",0.43
2012-2013,ESP,Spain,0.82
2012-2013,EST,Estonia,0.85
2012-2013,ETH,Ethiopia,0.51
2012-2013,FIN,Finland,0.88
2012-2013,FRA,France,0.83
2012-2013,GBR,United Kingdom,0.84
2012-2013,GEO,Georgia,0.88
2012-2013,GHA,Ghana,0.52
2012-2013,GRC,Greece,0.41
2012-2013,GTM,Guatemala,0.48
2012-2013,HKG,"Hong Kong SAR, China",0.81
2012-2013,HRV,Croatia,0.52
2012-2013,HUN,Hungary,0.73
2012-2013,IDN,Indonesia,0.41
2012-2013,IND,India,0.35
2012-2013,IRN,"Iran, Islamic Rep.",0.55
2012-2013,ITA,Italy,0.64
2012-2013,JAM,Jamaica,0.69
2012-2013,JOR,Jordan,0.67
2012-2013,JPN,Japan,0.91
2012-2013,KAZ,Kazakhstan,0.46
2012-2013,KEN,Kenya,0.36
2012-2013,KGZ,Kyrgyz Republic,0.41
2012-2013,KHM,Cambodia,0.3
2012-2013,KOR,"Korea, Rep.",0.74
2012-2013,LBN,Lebanon,0.26
2012-2013,LBR,Liberia,0.27
2012-2013,LKA,Sri Lanka,0.52
2012-2013,MAR,Morocco,0.4
2012-2013,MDA,Moldova,0.46
2012-2013,MDG,Madagascar,0.48
2012-2013,MEX,Mexico,0.48
2012-2013,MKD,North Macedonia,0.54
2012-2013,MNG,Mongolia,0.47
2012-2013,MWI,Malawi,0.4
2012-2013,MYS,Malaysia,0.6
2012-2013,NGA,Nigeria,0.44
2012-2013,NIC,Nicaragua,0.54
2012-2013,NLD,Netherlands,0.88
2012-2013,NOR,Norway,0.92
2012-2013,NPL,Nepal,0.45
2012-2013,NZL,New Zealand,0.9
2012-2013,PAK,Pakistan,0.3
2012-2013,PAN,Panama,0.57
2012-2013,PER,Peru,0.58
2012-2013,PHL,Philippines,0.66
2012-2013,POL,Poland,0.71
2012-2013,PRT,Portugal,0.71
2012-2013,ROU,Romania,0.47
2012-2013,RUS,Russian Federation,0.48
2012-2013,SEN,Senegal,0.56
2012-2013,SGP,Singapore,0.95
2012-2013,SLE,Sierra Leone,0.42
2012-2013,SLV,El Salvador,0.61
2012-2013,SRB,Serbia,0.42
2012-2013,SVN,Slovenia,0.56
2012-2013,SWE,Sweden,0.91
2012-2013,THA,Thailand,0.62
2012-2013,TUN,Tunisia,0.55
2012-2013,TUR,Türkiye,0.47
2012-2013,TZA,Tanzania,0.33
2012-2013,UGA,Uganda,0.28
2012-2013,UKR,Ukraine,0.25
2012-2013,URY,Uruguay,0.82
2012-2013,USA,United States,0.85
2012-2013,UZB,Uzbekistan,0.5
2012-2013,VEN,"Venezuela, RB",0.45
2012-2013,VNM,Vietnam,0.34
2012-2013,ZAF,South Africa,0.59
2012-2013,ZMB,Zambia,0.44
2012-2013,ZWE,Zimbabwe,0.34
2014,AFG,Afghanistan,0.3052126033156181
2014,ALB,Albania,0.4032295251831193
2014,ARE,United Arab Emirates,0.8803727058741981
2014,ARG,Argentina,0.5674446929470373
2014,AUS,Australia,0.9157036411103605
2014,AUT,Austria,0.894993168689145
2014,BEL,Belgium,0.8572154397429549
2014,BFA,Burkina Faso,0.5835780443210099
2014,BGD,Bangladesh,0.25480357600232306
2014,BGR,Bulgaria,0.4384338506251037
2014,BIH,Bosnia and Herzegovina,0.439318410734481
2014,BLR,Belarus,0.5926872255232035
2014,BOL,Bolivia,0.44882040058115164
2014,BRA,Brazil,0.7018316457067537
2014,BWA,Botswana,0.7948091739883683
2014,CAN,Canada,0.8323645560518453
2014,CHL,Chile,0.7880074479225175
2014,CHN,China,0.5404696390537003
2014,CIV,Côte d'Ivoire,0.48456982963503475
2014,CMR,Cameroon,0.35655417319296284
2014,COL,Colombia,0.5965608069223141
2014,CZE,Czechia,0.767986409069127
2014,DEU,Germany,0.8304819506292266
2014,DNK,Denmark,0.916509807749899
2014,DOM,Dominican Republic,0.5316061868347943
2014,ECU,Ecuador,0.5669406356580814
2014,EGY,"Egypt, Arab Rep.",0.45764608952497104
2014,ESP,Spain,0.769291526270025
2014,EST,Estonia,0.8890711345551275
2014,ETH,Ethiopia,0.5560012397147087
2014,FIN,Finland,0.8699355927654878
2014,FRA,France,0.8357504772386745
2014,GBR,United Kingdom,0.888466058295383
2014,GEO,Georgia,0.83603417840455
2014,GHA,Ghana,0.5649872518196388
2014,GRC,Greece,0.46090578237253615
2014,GTM,Guatemala,0.5056118748474694
2014,HKG,"Hong Kong SAR, China",0.8559436547187433
2014,HRV,Croatia,0.5255381633124803
2014,HUN,Hungary,0.7473375069050554
2014,IDN,Indonesia,0.4999516694061047
2014,IND,India,0.3820058707805845
2014,IRN,"Iran, Islamic Rep.",0.5450958236742117
2014,ITA,Italy,0.7309563574541554
2014,JAM,Jamaica,0.7465958358100766
2014,JOR,Jordan,0.5636522367046497
2014,JPN,Japan,0.8751335462369856
2014,KAZ,Kazakhstan,0.46587232977141846
2014,KEN,Kenya,0.4422441574402919
2014,KGZ,Kyrgyz Republic,0.3406200078805246
2014,KHM,Cambodia,0.37388893370055576
2014,KOR,"Korea, Rep.",0.7826640671291311
2014,LBN,Lebanon,0.38122561517221665
2014,LBR,Liberia,0.3076616715318951
2014,LKA,Sri Lanka,0.5002301459634674
2014,MAR,Morocco,0.5804482090584395
2014,MDA,Moldova,0.4466431283858751
2014,MDG,Madagascar,0.4143320611306042
2014,MEX,Mexico,0.49944058372803224
2014,MKD,North Macedonia,0.5272659670926705
2014,MMR,Myanmar,0.4913380519523851
2014,MNG,Mongolia,0.3832774733191099
2014,MWI,Malawi,0.395345708245896
2014,MYS,Malaysia,0.6134296945829533
2014,NGA,Nigeria,0.3657687926489437
2014,NIC,Nicaragua,0.5453244349084838
2014,NLD,Netherlands,0.8637053530587068
2014,NOR,Norway,0.9496157584774092
2014,NPL,Nepal,0.502847124236144
2014,NZL,New Zealand,0.8990108605275533
2014,PAK,Pakistan,0.342180150215193
2014,PAN,Panama,0.6209092440554129
2014,PER,Peru,0.5142240335540854
2014,PHL,Philippines,0.5938703056804908
2014,POL,Poland,0.6164215558214399
2014,PRT,Portugal,0.7279547051334918
2014,ROU,Romania,0.5039151236992638
2014,RUS,Russian Federation,0.4708999980830246
2014,SEN,Senegal,0.520888327715073
2014,SGP,Singapore,0.9395349933912772
2014,SLE,Sierra Leone,0.3983031562796602
2014,SLV,El Salvador,0.5544888394947476
2014,SRB,Serbia,0.4614930337192449
2014,SVN,Slovenia,0.587660841582223
2014,SWE,Sweden,0.9051618638456054
2014,THA,Thailand,0.5390714263824522
2014,TUN,Tunisia,0.5349815210417674
2014,TUR,Türkiye,0.5513245976068109
2014,TZA,Tanzania,0.34085676000682585
2014,UGA,Uganda,0.22388018876840687
2014,UKR,Ukraine,0.3413242883803259
2014,URY,Uruguay,0.8300579975120692
2014,USA,United States,0.8384012099325582
2014,UZB,Uzbekistan,0.48730427149659117
2014,VEN,"Venezuela, RB",0.43496004548636386
2014,VNM,Vietnam,0.2812534250087809
2014,ZAF,South Africa,0.5770228482186361
2014,ZMB,Zambia,0.4134822759747083
2014,ZWE,Zimbabwe,0.3104536047828092
2015,AFG,Afghanistan,0.35034643312057984
2015,ALB,Albania,0.4288397300923293
2015,ARE,United Arab Emirates,0.8808130428234693
2015,ARG,Argentina,0.5730856525522896
2015,AUS,Australia,0.9053684970904278
2015,AUT,Austria,0.9560730584577972
2015,BEL,Belgium,0.8928058721393455
2015,BFA,Burkina Faso,0.554865165539649
2015,BGD,Bangladesh,0.3066541335128995
2015,BGR,Bulgaria,0.5538041159948193
2015,BIH,Bosnia and Herzegovina,0.497448367343694
2015,BLR,Belarus,0.5517042221424208
2015,BLZ,Belize,0.6300458918568186
2015,BOL,Bolivia,0.5037408144925115
2015,BRA,Brazil,0.6361215393268254
2015,BWA,Botswana,0.7903654618974058
2015,CAN,Canada,0.9404064629676541
2015,CHL,Chile,0.7652428968145408
2015,CHN,China,0.4501475406699157
2015,CIV,Côte d'Ivoire,0.5613211517390817
2015,CMR,Cameroon,0.458821993938173
2015,COL,Colombia,0.635559119674925
2015,CRI,Costa Rica,0.6815700147140538
2015,CZE,Czechia,0.8611495349273801
2015,DEU,Germany,0.8543785016968874
2015,DNK,Denmark,0.9551271220094577
2015,DOM,Dominican Republic,0.5720679980610055
2015,ECU,Ecuador,0.5986060069143814
2015,EGY,"Egypt, Arab Rep.",0.5663765675668608
2015,ESP,Spain,0.8204646336364244
2015,EST,Estonia,0.871055127120997
2015,ETH,Ethiopia,0.5095857216646942
2015,FIN,Finland,0.9486727789263284
2015,FRA,France,0.855955690824124
2015,GBR,United Kingdom,0.9258889759905472
2015,GEO,Georgia,0.8461215216094553
2015,GHA,Ghana,0.578393277298928
2015,GRC,Greece,0.6186779585949365
2015,GTM,Guatemala,0.5724140015384955
2015,HKG,"Hong Kong SAR, China",0.9860961327773405
2015,HND,Honduras,0.5464836429336241
2015,HRV,Croatia,0.5886106818049809
2015,HUN,Hungary,0.6900188004019945
2015,IDN,Indonesia,0.6762104873557258
2015,IND,India,0.4485494046101572
2015,IRN,"Iran, Islamic Rep.",0.43634847027660184
2015,ITA,Italy,0.7638384181809935
2015,JAM,Jamaica,0.7238958917663811
2015,JOR,Jordan,0.6742393146413708
2015,JPN,Japan,0.9420046114958949
2015,KAZ,Kazakhstan,0.6256705163608798
2015,KEN,Kenya,0.4693811156168535
2015,KGZ,Kyrgyz Republic,0.3724162950323704
2015,KHM,Cambodia,0.26099519590487275
2015,KOR,"Korea, Rep.",0.7836752387912965
2015,LBN,Lebanon,0.408343476261028
2015,LBR,Liberia,0.40367018581039393
2015,LKA,Sri Lanka,0.6133004609593607
2015,MAR,Morocco,0.5311311332710613
2015,MDA,Moldova,0.5204471400647224
2015,MDG,Madagascar,0.35073019015500106
2015,MEX,Mexico,0.572864352820833
2015,MKD,North Macedonia,0.5755941604370736
2015,MMR,Myanmar,0.5617759763831406
2015,MNG,Mongolia,0.463603062539469
2015,MWI,Malawi,0.3416638375077795
2015,MYS,Malaysia,0.6208062516518185
2015,NGA,Nigeria,0.46627885902634525
2015,NIC,Nicaragua,0.6099517202558478
2015,NLD,Netherlands,0.8677079438082531
2015,NOR,Norway,0.9713586342398106
2015,NPL,Nepal,0.5846074512543079
2015,NZL,New Zealand,0.9603207201618397
2015,PAK,Pakistan,0.4432380940820288
2015,PAN,Panama,0.6529382126038004
2015,PER,Peru,0.5570147535651433
2015,PHL,Philippines,0.6230116151651606
2015,POL,Poland,0.757876615678383
2015,PRT,Portugal,0.8255737590843024
2015,ROU,Romania,0.6273562941446174
2015,RUS,Russian Federation,0.51076063766165
2015,SEN,Senegal,0.613146441304367
2015,SGP,Singapore,0.9489222826632008
2015,SLE,Sierra Leone,0.3580659765384193
2015,SLV,El Salvador,0.5984141832072216
2015,SRB,Serbia,0.5116437234508024
2015,SVN,Slovenia,0.7355738838046006
2015,SWE,Sweden,0.9319254251995899
2015,THA,Thailand,0.5840671342675663
2015,TUN,Tunisia,0.5929413017026641
2015,TUR,Türkiye,0.6205198092166238
2015,TZA,Tanzania,0.45802939833634493
2015,UGA,Uganda,0.35793489350144714
2015,UKR,Ukraine,0.42202391401101225
2015,URY,Uruguay,0.8391147768137106
2015,USA,United States,0.8833225828918585
2015,UZB,Uzbekistan,0.40067899919001615
2015,VEN,"Venezuela, RB",0.4601284839526436
2015,VNM,Vietnam,0.32955905347636794
2015,ZAF,South Africa,0.6054261217504361
2015,ZMB,Zambia,0.4201420147006318
2015,ZWE,Zimbabwe,0.4146526180160467
2016,AFG,Afghanistan,0.3800828828899898
2016,ALB,Albania,0.46033435269454837
2016,ARE,United Arab Emirates,0.9030872255991038
2016,ARG,Argentina,0.5840108006194337
2016,ATG,Antigua and Barbuda,0.8685727284507839
2016,AUS,Australia,0.8946298672762882
2016,AUT,Austria,0.9564230041213928
2016,BEL,Belgium,0.8815407155276802
2016,BFA,Burkina Faso,0.5570816013470783
2016,BGD,Bangladesh,0.4266539177712454
2016,BGR,Bulgaria,0.6198160108358837
2016,BHS,The Bahamas,0.6391507035997525
2016,BIH,Bosnia and Herzegovina,0.48152167534708706
2016,BLR,Belarus,0.5416388326573884
2016,BLZ,Belize,0.6020117242460883
2016,BOL,Bolivia,0.50422063021535
2016,BRA,Brazil,0.6157784239832127
2016,BRB,Barbados,0.7793771688020594
2016,BWA,Botswana,0.7462327572335341
2016,CAN,Canada,0.9559326877016813
2016,CHL,Chile,0.7628304286160246
2016,CHN,China,0.5333252543380476
2016,CIV,Côte d'Ivoire,0.5691861527634416
2016,CMR,Cameroon,0.47354201568711274
2016,COL,Colombia,0.6307716229183247
2016,CRI,Costa Rica,0.7584162583057801
2016,CZE,Czechia,0.8604825296555176
2016,DEU,Germany,0.858423486742677
2016,DMA,Dominica,0.7059632735814331
2016,DNK,Denmark,0.9756214886009327
2016,DOM,Dominican Republic,0.563549437850704
2016,ECU,Ecuador,0.5995535463999189
2016,EGY,"Egypt, Arab Rep.",0.5091903070776653
2016,ESP,Spain,0.8283091540627348
2016,EST,Estonia,0.9046586881725979
2016,ETH,Ethiopia,0.4869684721608314
2016,FIN,Finland,0.9637493660475909
2016,FRA,France,0.8274578235041334
2016,GBR,United Kingdom,0.9406781504144979
2016,GEO,Georgia,0.8483638451166781
2016,GHA,Ghana,0.5561159831926803
2016,GRC,Greece,0.630403904297173
2016,GRD,Grenada,0.8993965201389007
2016,GTM,Guatemala,0.5862300863209124
2016,GUY,Guyana,0.6588824402851027
2016,HKG,"Hong Kong SAR, China",0.9905040639959036
2016,HND,Honduras,0.5848811399511027
2016,HRV,Croatia,0.6434734041470116
2016,HUN,Hungary,0.6502879347389148
2016,IDN,Indonesia,0.6957977656732912
2016,IND,India,0.42434371210732924
2016,IRN,"Iran, Islamic Rep.",0.45171407944327246
2016,ITA,Italy,0.7570173401613831
2016,JAM,Jamaica,0.7070446117663254
2016,JOR,Jordan,0.7023708268388233
2016,JPN,Japan,0.9512170225051462
2016,KAZ,Kazakhstan,0.6249800117673331
2016,KEN,Kenya,0.4352408485810234
2016,KGZ,Kyrgyz Republic,0.3500225009025718
2016,KHM,Cambodia,0.19990252113672005
2016,KNA,St. Kitts and Nevis,0.7694114303911683
2016,KOR,"Korea, Rep.",0.7694780020879829
2016,LBN,Lebanon,0.4488610923053675
2016,LBR,Liberia,0.40792041816541297
2016,LCA,St. Lucia,0.6284364662320999
2016,LKA,Sri Lanka,0.595182041768278
2016,MAR,Morocco,0.5445487917836347
2016,MDA,Moldova,0.5323452141057187
2016,MDG,Madagascar,0.3485470009920347
2016,MEX,Mexico,0.553309699470193
2016,MKD,North Macedonia,0.5667697214630358
2016,MMR,Myanmar,0.5807198854546578
2016,MNG,Mongolia,0.44896372159103004
2016,MWI,Malawi,0.37943216760549164
2016,MYS,Malaysia,0.538688014945994
2016,NGA,Nigeria,0.494030314045257
2016,NIC,Nicaragua,0.646499956798638
2016,NLD,Netherlands,0.8860087527990369
2016,NOR,Norway,0.9710336767557375
2016,NPL,Nepal,0.5528227116393726
2016,NZL,New Zealand,0.9679716931599136
2016,PAK,Pakistan,0.44084294012789127
2016,PAN,Panama,0.5981992521887238
2016,PER,Peru,0.5710072432448032
2016,PHL,Philippines,0.6265761770751116
2016,POL,Poland,0.8485864458503511
2016,PRT,Portugal,0.8182811644398051
2016,ROU,Romania,0.6653741883515768
2016,RUS,Russian Federation,0.5163321448168772
2016,SEN,Senegal,0.6489169529184524
2016,SGP,Singapore,0.965204475882455
2016,SLE,Sierra Leone,0.30479684550617314
2016,SLV,El Salvador,0.6164572163584849
2016,SRB,Serbia,0.49160329339558373
2016,SUR,Suriname,0.6070973715652694
2016,SVN,Slovenia,0.7327670019961068
2016,SWE,Sweden,0.9316653404123456
2016,THA,Thailand,0.5809571343404518
2016,TTO,Trinidad and Tobago,0.6442251615484557
2016,TUN,Tunisia,0.5675706915466876
2016,TUR,Türkiye,0.6378558499239444
2016,TZA,Tanzania,0.46505154704023904
2016,UGA,Uganda,0.3702367601057833
2016,UKR,Ukraine,0.4341573497625094
2016,URY,Uruguay,0.8417769900494626
2016,USA,United States,0.8743231676460541
2016,UZB,Uzbekistan,0.4620110398988427
2016,VCT,St. Vincent and the Grenadines,0.7801133119504734
2016,VEN,"Venezuela, RB",0.42137510721146454
2016,VNM,Vietnam,0.39735304679773276
2016,ZAF,South Africa,0.612065091979587
2016,ZMB,Zambia,0.39210727557742125
2016,ZWE,Zimbabwe,0.4419534198666818
2017-2018,AFG,Afghanistan,0.369479256932274
2017-2018,ALB,Albania,0.4587239735128675
2017-2018,ARE,United Arab Emirates,0.8822205682403546
2017-2018,ARG,Argentina,0.5954259092835554
2017-2018,ATG,Antigua and Barbuda,0.8043049087381983
2017-2018,AUS,Australia,0.9020477466828061
2017-2018,AUT,Austria,0.9362509673693167
2017-2018,BEL,Belgium,0.8746716773532202
2017-2018,BFA,Burkina Faso,0.58228096568451
2017-2018,BGD,Bangladesh,0.4292072270417578
2017-2018,BGR,Bulgaria,0.6371703657002583
2017-2018,BHS,The Bahamas,0.6948805882763367
2017-2018,BIH,Bosnia and Herzegovina,0.5112802343412712
2017-2018,BLR,Belarus,0.5351296233708354
2017-2018,BLZ,Belize,0.5464195876662198
2017-2018,BOL,Bolivia,0.5076710992661143
2017-2018,BRA,Brazil,0.6137994438122432
2017-2018,BRB,Barbados,0.7731617040060914
2017-2018,BWA,Botswana,0.7271391031129968
2017-2018,CAN,Canada,0.9571200207152136
2017-2018,CHL,Chile,0.7642977988020467
2017-2018,CHN,China,0.5762848102266398
2017-2018,CIV,Côte d'Ivoire,0.5347453918289222
2017-2018,CMR,Cameroon,0.47823117228483386
2017-2018,COL,Colombia,0.6385869085364235
2017-2018,CRI,Costa Rica,0.7385783492155554
2017-2018,CZE,Czechia,0.8437373097649015
2017-2018,DEU,Germany,0.8561572898034671
2017-2018,DMA,Dominica,0.7059632735814331
2017-2018,DNK,Denmark,0.9771039664260786
2017-2018,DOM,Dominican Republic,0.6081798829723783
2017-2018,ECU,Ecuador,0.5861883174060669
2017-2018,EGY,"Egypt, Arab Rep.",0.48963098580207165
2017-2018,ESP,Spain,0.8197562849119576
2017-2018,EST,Estonia,0.8933651383312947
2017-2018,ETH,Ethiopia,0.5141688935268623
2017-2018,FIN,Finland,0.9670479267553626
2017-2018,FRA,France,0.8427140849236994
2017-2018,GBR,United Kingdom,0.9390003435076912
2017-2018,GEO,Georgia,0.8229725693617328
2017-2018,GHA,Ghana,0.5625768698410343
2017-2018,GRC,Greece,0.6167100777372151
2017-2018,GRD,Grenada,0.7900883444006208
2017-2018,GTM,Guatemala,0.5724764793201718
2017-2018,GUY,Guyana,0.61033412255811
2017-2018,HKG,"Hong Kong SAR, China",0.9857100401603518
2017-2018,HND,Honduras,0.5294983091771865
2017-2018,HRV,Croatia,0.6658204173673341
2017-2018,HUN,Hungary,0.5958116829866038
2017-2018,IDN,Indonesia,0.6811456986558351
2017-2018,IND,India,0.4354605274583344
2017-2018,IRN,"Iran, Islamic Rep.",0.44942648136688534
2017-2018,ITA,Italy,0.7812027715475158
2017-2018,JAM,Jamaica,0.7026996010044909
2017-2018,JOR,Jordan,0.6685203470353617
2017-2018,JPN,Japan,0.9492043130979568
2017-2018,KAZ,Kazakhstan,0.6632629696084156
2017-2018,KEN,Kenya,0.45178724249126545
2017-2018,KGZ,Kyrgyz Republic,0.3652577610624703
2017-2018,KHM,Cambodia,0.2110373107421901
2017-2018,KNA,St. Kitts and Nevis,0.7589171687989575
2017-2018,KOR,"Korea, Rep.",0.7822755987292693
2017-2018,LBN,Lebanon,0.4270120496483149
2017-2018,LBR,Liberia,0.4192921226688646
2017-2018,LCA,St. Lucia,0.6571619421668826
2017-2018,LKA,Sri Lanka,0.5853244848615402
2017-2018,MAR,Morocco,0.5770022531191402
2017-2018,MDA,Moldova,0.4405644604966468
2017-2018,MDG,Madagascar,0.3459891247619064
2017-2018,MEX,Mexico,0.5004485763742964
2017-2018,MKD,North Macedonia,0.49882358568023344
2017-2018,MMR,Myanmar,0.6007701170431314
2017-2018,MNG,Mongolia,0.4670642234374124
2017-2018,MWI,Malawi,0.3871814613177608
2017-2018,MYS,Malaysia,0.6336187989292237
2017-2018,NGA,Nigeria,0.4928399829397694
2017-2018,NIC,Nicaragua,0.6087314032201891
2017-2018,NLD,Netherlands,0.8941227108771673
2017-2018,NOR,Norway,0.9892040670873838
2017-2018,NPL,Nepal,0.582434418078666
2017-2018,NZL,New Zealand,0.9581505041617396
2017-2018,PAK,Pakistan,0.44711543750612665
2017-2018,PAN,Panama,0.5508115369727125
2017-2018,PER,Peru,0.5856563869635654
2017-2018,PHL,Philippines,0.6274765930411879
2017-2018,POL,Poland,0.8743205122067508
2017-2018,PRT,Portugal,0.8055229868345821
2017-2018,ROU,Romania,0.6713635278286041
2017-2018,RUS,Russian Federation,0.5507386963266686
2017-2018,SEN,Senegal,0.6565492148862198
2017-2018,SGP,Singapore,0.9692906181129217
2017-2018,SLE,Sierra Leone,0.3648916426403822
2017-2018,SLV,El Salvador,0.6006032848760454
2017-2018,SRB,Serbia,0.5359023855755386
2017-2018,SUR,Suriname,0.670080902095515
2017-2018,SVN,Slovenia,0.7666628827047257
2017-2018,SWE,Sweden,0.9273844915354498
2017-2018,THA,Thailand,0.5962412185032333
2017-2018,TTO,Trinidad and Tobago,0.6748687305460659
2017-2018,TUN,Tunisia,0.6093141447371262
2017-2018,TUR,Türkiye,0.6553874924030438
2017-2018,TZA,Tanzania,0.42874862826747995
2017-2018,UGA,Uganda,0.38753433491444933
2017-2018,UKR,Ukraine,0.41224417527591845
2017-2018,URY,Uruguay,0.8454517881438658
2017-2018,USA,United States,0.8915665302330307
2017-2018,UZB,Uzbekistan,0.4479049396326371
2017-2018,VCT,St. Vincent and the Grenadines,0.7739498722935312
2017-2018,VEN,"Venezuela, RB",0.4603071588540053
2017-2018,VNM,Vietnam,0.39880766572444365
2017-2018,ZAF,South Africa,0.6027442580715573
2017-2018,ZMB,Zambia,0.4105467270213117
2017-2018,ZWE,Zimbabwe,0.46035995629298077
2019,AFG,Afghanistan,0.37808460316711173
2019,AGO,Angola,0.4411237827464295
2019,ALB,Albania,0.4310026303882949
2019,ARE,United Arab Emirates,0.893278171096676
2019,ARG,Argentina,0.5948303018102962
2019,ATG,Antigua and Barbuda,0.8017943357341152
2019,AUS,Australia,0.9022667176482788
2019,AUT,Austria,0.9310714376756342
2019,BEL,Belgium,0.8704788900574244
2019,BEN,Benin,0.6899783608472565
2019,BFA,Burkina Faso,0.5498585634694901
2019,BGD,Bangladesh,0.41964135494789506
2019,BGR,Bulgaria,0.6316932570014794
2019,BHS,The Bahamas,0.6763001814110157
2019,BIH,Bosnia and Herzegovina,0.5121171283680273
2019,BLR,Belarus,0.5600707466688044
2019,BLZ,Belize,0.5413869216171387
2019,BOL,Bolivia,0.4941301943672129
2019,BRA,Brazil,0.6198506499340679
2019,BRB,Barbados,0.8013322841227681
2019,BWA,Botswana,0.7339353004868427
2019,CAN,Canada,0.9464035648448166
2019,CHL,Chile,0.7626698538582585
2019,CHN,China,0.5821458520399085
2019,CIV,Côte d'Ivoire,0.52902748941156
2019,CMR,Cameroon,0.4752500078556228
2019,COD,"Congo, Dem. Rep.",0.3558228639308575
2019,COL,Colombia,0.6178598529689897
2019,CRI,Costa Rica,0.734501905898139
2019,CZE,Czechia,0.8575118022915971
2019,DEU,Germany,0.849152002403099
2019,DMA,Dominica,0.7003601049624486
2019,DNK,Denmark,0.9801986492715051
2019,DOM,Dominican Republic,0.5981640350015276
2019,DZA,Algeria,0.5425984725131139
2019,ECU,Ecuador,0.5846598227728067
2019,EGY,"Egypt, Arab Rep.",0.4817497326701855
2019,ESP,Spain,0.8181344163546332
2019,EST,Estonia,0.9057094808559628
2019,ETH,Ethiopia,0.5291665077601301
2019,FIN,Finland,0.9676989681616126
2019,FRA,France,0.8454246459214865
2019,GBR,United Kingdom,0.9409097170561003
2019,GEO,Georgia,0.8201115125505865
2019,GHA,Ghana,0.5468205155622863
2019,GIN,Guinea,0.41651314338519596
2019,GRC,Greece,0.6256980692439786
2019,GRD,Grenada,0.7429604578986788
2019,GTM,Guatemala,0.5842687893967965
2019,GUY,Guyana,0.6036185647876637
2019,HKG,"Hong Kong SAR, China",0.953477795716023
2019,HND,Honduras,0.53515922987806
2019,HRV,Croatia,0.6769697977119334
2019,HUN,Hungary,0.6260585561447929
2019,IDN,Indonesia,0.6991255542639546
2019,IND,India,0.44578061077954956
2019,IRN,"Iran, Islamic Rep.",0.44937736258942446
2019,ITA,Italy,0.7152552825438259
2019,JAM,Jamaica,0.6965159761259807
2019,JOR,Jordan,0.6931039934932587
2019,JPN,Japan,0.9541999744033469
2019,KAZ,Kazakhstan,0.649300321102435
2019,KEN,Kenya,0.46834873145635514
2019,KGZ,Kyrgyz Republic,0.4121303738758857
2019,KHM,Cambodia,0.2728541475339815
2019,KNA,St. Kitts and Nevis,0.751697843062525
2019,KOR,"Korea, Rep.",0.7762832834292372
2019,LBN,Lebanon,0.42588082728348914
2019,LBR,Liberia,0.40333654172433614
2019,LCA,St. Lucia,0.6685226787228208
2019,LKA,Sri Lanka,0.5585743687222584
2019,MAR,Morocco,0.565020286361358
2019,MDA,Moldova,0.43093988495092417
2019,MDG,Madagascar,0.32356930700401476
2019,MEX,Mexico,0.5075135925087939
2019,MKD,North Macedonia,0.4847451357624941
2019,MLI,Mali,0.5003696207089976
2019,MMR,Myanmar,0.6113797973249598
2019,MNG,Mongolia,0.4670623459663133
2019,MOZ,Mozambique,0.44826651050645105
2019,MRT,Mauritania,0.328480007124068
2019,MUS,Mauritius,0.8237799560729244
2019,MWI,Malawi,0.38909584038401607
2019,MYS,Malaysia,0.6999112360056443
2019,NAM,Namibia,0.6623302774765308
2019,NER,Niger,0.5313587710940213
2019,NGA,Nigeria,0.5082600393285452
2019,NIC,Nicaragua,0.5998211237970945
2019,NLD,Netherlands,0.8939168844718125
2019,NOR,Norway,0.9882570952123839
2019,NPL,Nepal,0.5699028243458026
2019,NZL,New Zealand,0.9553957167556949
2019,PAK,Pakistan,0.4463640401157686
2019,PAN,Panama,0.5577876342958232
2019,PER,Peru,0.5718419515159912
2019,PHL,Philippines,0.6051336229574171
2019,POL,Poland,0.8630847318180586
2019,PRT,Portugal,0.8135675391141416
2019,ROU,Romania,0.6663937529017179
2019,RUS,Russian Federation,0.5566018369202008
2019,RWA,Rwanda,0.6892713179303137
2019,SEN,Senegal,0.6582334463872571
2019,SGP,Singapore,0.9631316252343894
2019,SLE,Sierra Leone,0.41550849776351867
2019,SLV,El Salvador,0.6240567093365894
2019,SRB,Serbia,0.5453286160021655
2019,SUR,Suriname,0.6469621423974186
2019,SVN,Slovenia,0.7527894170141276
2019,SWE,Sweden,0.9293075869402829
2019,TGO,Togo,0.5985690634407617
2019,THA,Thailand,0.5509631844418279
2019,TTO,Trinidad and Tobago,0.685338512583688
2019,TUN,Tunisia,0.6140769233735637
2019,TUR,Türkiye,0.6292013514939635
2019,TZA,Tanzania,0.5004376787873331
2019,UGA,Uganda,0.3891195739538318
2019,UKR,Ukraine,0.42174132127130537
2019,URY,Uruguay,0.8326184037045885
2019,USA,United States,0.8807293754921923
2019,UZB,Uzbekistan,0.43138738242008995
2019,VCT,St. Vincent and the Grenadines,0.7725416943575314
2019,VEN,"Venezuela, RB",0.39923819384393416
2019,VNM,Vietnam,0.3878561081209573
2019,ZAF,South Africa,0.616627285459077
2019,ZMB,Zambia,0.42209166391651476
2019,ZWE,Zimbabwe,0.4642508264449008
2020,AFG,Afghanistan,0.4058242004892575
2020,AGO,Angola,0.4895989869591991
2020,ALB,Albania,0.4469795431983188
2020,ARE,United Arab Emirates,0.8776437711463413
2020,ARG,Argentina,0.6022188939219191
2020,ATG,Antigua and Barbuda,0.820483726633206
2020,AUS,Australia,0.9048739216037979
2020,AUT,Austria,0.9272631790898647
2020,BEL,Belgium,0.8777269948341975
2020,BEN,Benin,0.6991683701897005
2020,BFA,Burkina Faso,0.560503200648744
2020,BGD,Bangladesh,0.42168264628761215
2020,BGR,Bulgaria,0.6195134381903107
2020,BHS,The Bahamas,0.6505766999137752
2020,BIH,Bosnia and Herzegovina,0.5369506097194832
2020,BLR,Belarus,0.5666216429776896
2020,BLZ,Belize,0.5587421366562648
2020,BOL,Bolivia,0.4889555763320387
2020,BRA,Brazil,0.610872975435311
2020,BRB,Barbados,0.771423188719943
2020,BWA,Botswana,0.7308621752062248
2020,CAN,Canada,0.945400337013637
2020,CHL,Chile,0.7676317549006728
2020,CHN,China,0.6122359600398113
2020,CIV,Côte d'Ivoire,0.5175751676065427
2020,CMR,Cameroon,0.4687928770142214
2020,COD,"Congo, Dem. Rep.",0.356893067900012
2020,COL,Colombia,0.6354372396929484
2020,CRI,Costa Rica,0.7503141221802203
2020,CZE,Czechia,0.865063797691192
2020,DEU,Germany,0.84957194099616
2020,DMA,Dominica,0.7049566643161376
2020,DNK,Denmark,0.970838311594866
2020,DOM,Dominican Republic,0.5981096066195587
2020,DZA,Algeria,0.5210216278086287
2020,ECU,Ecuador,0.5876700964210755
2020,EGY,"Egypt, Arab Rep.",0.4736580665049812
2020,ESP,Spain,0.8264850450753988
2020,EST,Estonia,0.8992741894766416
2020,ETH,Ethiopia,0.5329738529670442
2020,FIN,Finland,0.9679779861303626
2020,FRA,France,0.8475889945298166
2020,GBR,United Kingdom,0.9423423687255099
2020,GEO,Georgia,0.8002262557059683
2020,GHA,Ghana,0.546036913649143
2020,GIN,Guinea,0.37853955910539183
2020,GMB,The Gambia,0.4945475252169832
2020,GRC,Greece,0.6215911086134509
2020,GRD,Grenada,0.7451395974629371
2020,GTM,Guatemala,0.579167881054174
2020,GUY,Guyana,0.6205355765777367
2020,HKG,"Hong Kong SAR, China",0.9569568886261324
2020,HND,Honduras,0.535215561972247
2020,HRV,Croatia,0.6805919512131691
2020,HUN,Hungary,0.6062877024024386
2020,IDN,Indonesia,0.6667149874488605
2020,IND,India,0.45836407427662457
2020,IRN,"Iran, Islamic Rep.",0.43860864383291365
2020,ITA,Italy,0.7319586232936117
2020,JAM,Jamaica,0.7165851836790895
2020,JOR,Jordan,0.7199429158828723
2020,JPN,Japan,0.9541131689345967
2020,KAZ,Kazakhstan,0.6327977095289518
2020,KEN,Kenya,0.4564112823165484
2020,KGZ,Kyrgyz Republic,0.435959737887597
2020,KHM,Cambodia,0.240063866665425
2020,KNA,St. Kitts and Nevis,0.7514858258414597
2020,KOR,"Korea, Rep.",0.867141493109143
2020,LBN,Lebanon,0.46093004626979106
2020,LBR,Liberia,0.42610964334068535
2020,LCA,St. Lucia,0.7276626778279998
2020,LKA,Sri Lanka,0.5285869261404204
2020,MAR,Morocco,0.5698172314992472
2020,MDA,Moldova,0.41577397675956096
2020,MDG,Madagascar,0.3475022831513277
2020,MEX,Mexico,0.5149050874853522
2020,MKD,North Macedonia,0.48010920495114995
2020,MLI,Mali,0.5065974314866686
2020,MMR,Myanmar,0.6270857086606882
2020,MNG,Mongolia,0.46986605302180495
2020,MOZ,Mozambique,0.4740704552717685
2020,MRT,Mauritania,0.31052695317988255
2020,MUS,Mauritius,0.8165822731515127
2020,MWI,Malawi,0.3899875337395786
2020,MYS,Malaysia,0.7029898963014269
2020,NAM,Namibia,0.6684303468162969
2020,NER,Niger,0.5632115507696156
2020,NGA,Nigeria,0.5133478416793903
2020,NIC,Nicaragua,0.6006432043474617
2020,NLD,Netherlands,0.8892788508943045
2020,NOR,Norway,0.9851833491186339
2020,NPL,Nepal,0.5770122888173541
2020,NZL,New Zealand,0.9510309929015004
2020,PAK,Pakistan,0.4912361118414
2020,PAN,Panama,0.5808742223979424
2020,PER,Peru,0.5735550044708818
2020,PHL,Philippines,0.6003544082876199
2020,POL,Poland,0.8867165193969597
2020,PRT,Portugal,0.8153474283023799
2020,ROU,Romania,0.6725347236990542
2020,RUS,Russian Federation,0.5507757391450993
2020,RWA,Rwanda,0.5786455413061998
2020,SEN,Senegal,0.662560810982407
2020,SGP,Singapore,0.957333401174773
2020,SLE,Sierra Leone,0.4020508788956241
2020,SLV,El Salvador,0.6332386570109448
2020,SRB,Serbia,0.557197195374658
2020,SUR,Suriname,0.6159507584123847
2020,SVN,Slovenia,0.7459294502879414
2020,SWE,Sweden,0.9255211438921551
2020,TGO,Togo,0.6309645056638898
2020,THA,Thailand,0.5184964440449866
2020,TTO,Trinidad and Tobago,0.6766297868198237
2020,TUN,Tunisia,0.6173725735884622
2020,TUR,Türkiye,0.6223343578085994
2020,TZA,Tanzania,0.4930867610797273
2020,UGA,Uganda,0.36616054987579094
2020,UKR,Ukraine,0.4156083151449926
2020,URY,Uruguay,0.8165755512592823
2020,USA,United States,0.8836454592980376
2020,UZB,Uzbekistan,0.45659516910167075
2020,VCT,St. Vincent and the Grenadines,0.7749086095072317
2020,VEN,"Venezuela, RB",0.40339823889638066
2020,VNM,Vietnam,0.4150977064807285
2020,XKX,Kosovo,0.5627277827955047
2020,ZAF,South Africa,0.6195384542599698
2020,ZMB,Zambia,0.40580505698091063
2020,ZWE,Zimbabwe,0.4759804805955144
2021,AFG,Afghanistan,0.39655166160130517
2021,AGO,Angola,0.48739193469115427
2021,ALB,Albania,0.46497950924891396
2021,ARE,United Arab Emirates,0.8592868101729991
2021,ARG,Argentina,0.5801671478264948
2021,ATG,Antigua and Barbuda,0.8279892372908587
2021,AUS,Australia,0.9044523714168132
2021,AUT,Austria,0.9263505581538454
2021,BEL,Belgium,0.8910719968904142
2021,BEN,Benin,0.5951105875793863
2021,BFA,Burkina Faso,0.5586716760115461
2021,BGD,Bangladesh,0.4013336039016968
2021,BGR,Bulgaria,0.6156876642391372
2021,BHS,The Bahamas,0.6520584578504394
2021,BIH,Bosnia and Herzegovina,0.532036863116084
2021,BLR,Belarus,0.5545246819411999
2021,BLZ,Belize,0.544558022720373
2021,BOL,Bolivia,0.47387816646680037
2021,BRA,Brazil,0.6042502055223121
2021,BRB,Barbados,0.7772577814122812
2021,BWA,Botswana,0.7270992029402185
2021,CAN,Canada,0.9517708018589599
2021,CHL,Chile,0.7697456978535641
2021,CHN,China,0.6011555978519527
2021,CIV,Côte d'Ivoire,0.5167473134969505
2021,CMR,Cameroon,0.4616477814966192
2021,COD,"Congo, Dem. Rep.",0.34907394821261434
2021,COG,"Congo, Rep.",0.4818634698359421
2021,COL,Colombia,0.6350168358545114
2021,CRI,Costa Rica,0.745995658334118
2021,CYP,Cyprus,0.6855085499662423
2021,CZE,Czechia,0.8665083879194491
2021,DEU,Germany,0.8559625053404074
2021,DMA,Dominica,0.698971217855967
2021,DNK,Denmark,0.9648718581212826
2021,DOM,Dominican Republic,0.6069333202243505
2021,DZA,Algeria,0.5319356548584198
2021,ECU,Ecuador,0.5621476292233745
2021,EGY,"Egypt, Arab Rep.",0.47163049524702616
2021,ESP,Spain,0.8245558558959334
2021,EST,Estonia,0.9108677422036929
2021,ETH,Ethiopia,0.5143476049557257
2021,FIN,Finland,0.9688708431616124
2021,FRA,France,0.8481010105874135
2021,GBR,United Kingdom,0.94190864763176
2021,GEO,Georgia,0.7934315354520235
2021,GHA,Ghana,0.5250174041564963
2021,GIN,Guinea,0.3937822096335285
2021,GMB,The Gambia,0.49904458769958265
2021,GRC,Greece,0.6276553666535845
2021,GRD,Grenada,0.7786217405189513
2021,GTM,Guatemala,0.5765936987547109
2021,GUY,Guyana,0.5995752720652675
2021,HKG,"Hong Kong SAR, China",0.9803526432056358
2021,HND,Honduras,0.5244929213646639
2021,HRV,Croatia,0.6856665047511377
2021,HTI,Haiti,0.4207534778924041
2021,HUN,Hungary,0.6011679560465986
2021,IDN,Indonesia,0.6510600286481412
2021,IND,India,0.4474279943212687
2021,IRL,Ireland,0.9230211787742838
2021,IRN,"Iran, Islamic Rep.",0.4193042701981661
2021,ITA,Italy,0.7770428670666577
2021,JAM,Jamaica,0.7233856996312268
2021,JOR,Jordan,0.7067112923350782
2021,JPN,Japan,0.9529531329742433
2021,KAZ,Kazakhstan,0.6348829052978341
2021,KEN,Kenya,0.4462283936082754
2021,KGZ,Kyrgyz Republic,0.41668092863553874
2021,KHM,Cambodia,0.25226513339621226
2021,KNA,St. Kitts and Nevis,0.7424773501533494
2021,KOR,"Korea, Rep.",0.8639490888706833
2021,LBN,Lebanon,0.4195286857213643
2021,LBR,Liberia,0.4267257286895475
2021,LCA,St. Lucia,0.7223541573431274
2021,LKA,Sri Lanka,0.5615325249953314
2021,LTU,Lithuania,0.73766981792505
2021,LUX,Luxembourg,0.8921955453794995
2021,LVA,Latvia,0.8214677258067624
2021,MAR,Morocco,0.5578659464408527
2021,MDA,Moldova,0.4343545926632968
2021,MDG,Madagascar,0.36977344326333383
2021,MEX,Mexico,0.5140928865036773
2021,MKD,North Macedonia,0.4707314504990165
2021,MLI,Mali,0.5042323378848345
2021,MLT,Malta,0.7342657643509287
2021,MMR,Myanmar,0.6027480111758787
2021,MNG,Mongolia,0.5090101970533376
2021,MOZ,Mozambique,0.4855815317554296
2021,MRT,Mauritania,0.3057086652553615
2021,MUS,Mauritius,0.8140674019708874
2021,MWI,Malawi,0.41617063583028113
2021,MYS,Malaysia,0.6563919303653527
2021,NAM,Namibia,0.672413978152339
2021,NER,Niger,0.5556890950674251
2021,NGA,Nigeria,0.5056895914031099
2021,NIC,Nicaragua,0.596659689700308
2021,NLD,Netherlands,0.888183481787644
2021,NOR,Norway,0.9866820544103005
2021,NPL,Nepal,0.5776713948460265
2021,NZL,New Zealand,0.9480225325984215
2021,PAK,Pakistan,0.5004386707096657
2021,PAN,Panama,0.5891622160544803
2021,PER,Peru,0.5626167166339673
2021,PHL,Philippines,0.589294936641683
2021,POL,Poland,0.8688982340335452
2021,PRT,Portugal,0.8040632264751293
2021,PRY,Paraguay,0.5597680024473929
2021,ROU,Romania,0.6860214485169989
2021,RUS,Russian Federation,0.5353127649270983
2021,RWA,Rwanda,0.6117408481057725
2021,SDN,Sudan,0.5745819957227976
2021,SEN,Senegal,0.6754471825685453
2021,SGP,Singapore,0.9626454674811594
2021,SLE,Sierra Leone,0.3762085681178083
2021,SLV,El Salvador,0.6431708177163388
2021,SRB,Serbia,0.5339090665714274
2021,SUR,Suriname,0.5943724994392641
2021,SVK,Slovak Republic,0.6735106798574167
2021,SVN,Slovenia,0.7536985134298898
2021,SWE,Sweden,0.9232669915741663
2021,TGO,Togo,0.6441850977467339
2021,THA,Thailand,0.5529264128559004
2021,TTO,Trinidad and Tobago,0.692311945003807
2021,TUN,Tunisia,0.6048282927119779
2021,TUR,Türkiye,0.6247929373938679
2021,TZA,Tanzania,0.5020883379630707
2021,UGA,Uganda,0.3621893715998262
2021,UKR,Ukraine,0.4098051692762665
2021,URY,Uruguay,0.8011024581424508
2021,USA,United States,0.8708712478465532
2021,UZB,Uzbekistan,0.5258232815027437
2021,VCT,St. Vincent and the Grenadines,0.7663301711710149
2021,VEN,"Venezuela, RB",0.4017581519120179
2021,VNM,Vietnam,0.3939972097494897
2021,XKX,Kosovo,0.5757936734259286
2021,ZAF,South Africa,0.6001349132111786
2021,ZMB,Zambia,0.4035907588589296
2021,ZWE,Zimbabwe,0.4710277059344432
2022,AFG,Afghanistan,0.4178419982924456
2022,AGO,Angola,0.49251763340667465
2022,ALB,Albania,0.45930985401918045
2022,ARE,United Arab Emirates,0.8443980982367538
2022,ARG,Argentina,0.5942352234547864
2022,ATG,Antigua and Barbuda,0.7944200000045314
2022,AUS,Australia,0.9077854171135978
2022,AUT,Austria,0.928343924423277
2022,BEL,Belgium,0.8838094479400367
2022,BEN,Benin,0.5956965140789336
2022,BFA,Burkina Faso,0.5520545186684462
2022,BGD,Bangladesh,0.39976667623308876
2022,BGR,Bulgaria,0.6373986780314833
2022,BHS,The Bahamas,0.706270329191973
2022,BIH,Bosnia and Herzegovina,0.5175782172123857
2022,BLR,Belarus,0.5306257386691189
2022,BLZ,Belize,0.5246243806543793
2022,BOL,Bolivia,0.44785677905981314
2022,BRA,Brazil,0.616062886263468
2022,BRB,Barbados,0.8193939659709537
2022,BWA,Botswana,0.7168885225419721
2022,CAN,Canada,0.9511312090967783
2022,CHL,Chile,0.768680480537898
2022,CHN,China,0.5836541746870909
2022,CIV,Côte d'Ivoire,0.5357484787221838
2022,CMR,Cameroon,0.4526614236214995
2022,COD,"Congo, Dem. Rep.",0.35151166928069993
2022,COG,"Congo, Rep.",0.49380419556719135
2022,COL,Colombia,0.6339267530008487
2022,CRI,Costa Rica,0.7515018170836212
2022,CYP,Cyprus,0.6903170256865513
2022,CZE,Czechia,0.8693969531995276
2022,DEU,Germany,0.8616602692868658
2022,DMA,Dominica,0.6942250253719509
2022,DNK,Denmark,0.9659556445280257
2022,DOM,Dominican Republic,0.6229377305355579
2022,DZA,Algeria,0.529364094867534
2022,ECU,Ecuador,0.5387166548092698
2022,EGY,"Egypt, Arab Rep.",0.4613160431731076
2022,ESP,Spain,0.8272304170579104
2022,EST,Estonia,0.903943493237439
2022,ETH,Ethiopia,0.4955819976152257
2022,FIN,Finland,0.9671538583061732
2022,FRA,France,0.8509984324513183
2022,GAB,Gabon,0.5208120678853394
2022,GBR,United Kingdom,0.9367848848827469
2022,GEO,Georgia,0.7997789097036013
2022,GHA,Ghana,0.5368729642923483
2022,GIN,Guinea,0.3930708581906964
2022,GMB,The Gambia,0.4992383676875939
2022,GRC,Greece,0.6441926996079823
2022,GRD,Grenada,0.7862403617371417
2022,GTM,Guatemala,0.5591881652218318
2022,GUY,Guyana,0.597190904175769
2022,HKG,"Hong Kong SAR, China",0.9757426368754529
2022,HND,Honduras,0.5004841768324084
2022,HRV,Croatia,0.6741969909345499
2022,HTI,Haiti,0.42913822060824636
2022,HUN,Hungary,0.603498233491935
2022,IDN,Indonesia,0.6672986673200232
2022,IND,India,0.4378896176625422
2022,IRL,Ireland,0.9338086300832824
2022,IRN,"Iran, Islamic Rep.",0.43068811494535364
2022,ITA,Italy,0.8036158790749665
2022,JAM,Jamaica,0.709082811858543
2022,JOR,Jordan,0.7083329536814016
2022,JPN,Japan,0.948250862687803
2022,KAZ,Kazakhstan,0.6455563709055052
2022,KEN,Kenya,0.4631896912987
2022,KGZ,Kyrgyz Republic,0.3947478188149063
2022,KHM,Cambodia,0.22435865666558466
2022,KNA,St. Kitts and Nevis,0.7556830908041434
2022,KOR,"Korea, Rep.",0.8633169920674122
2022,LBN,Lebanon,0.41584500792970736
2022,LBR,Liberia,0.39812726318714303
2022,LCA,St. Lucia,0.7083463765951353
2022,LKA,Sri Lanka,0.5583196749632313
2022,LTU,Lithuania,0.7349245911890354
2022,LUX,Luxembourg,0.9091685799750155
2022,LVA,Latvia,0.831869715537715
2022,MAR,Morocco,0.5301959988847719
2022,MDA,Moldova,0.434732235893997
2022,MDG,Madagascar,0.3823035512647063
2022,MEX,Mexico,0.5155168654410204
2022,MKD,North Macedonia,0.48866557264489197
2022,MLI,Mali,0.4988615684540661
2022,MLT,Malta,0.7146704615944852
2022,MMR,Myanmar,0.6055181405399318
2022,MNG,Mongolia,0.4858774300892278
2022,MOZ,Mozambique,0.49213048392590325
2022,MRT,Mauritania,0.31181189882431076
2022,MUS,Mauritius,0.8110485199489856
2022,MWI,Malawi,0.4152723006419955
2022,MYS,Malaysia,0.6564178823063483
2022,NAM,Namibia,0.6760129504861652
2022,NER,Niger,0.5564123409168868
2022,NGA,Nigeria,0.4914609060216874
2022,NIC,Nicaragua,0.5776964712107038
2022,NLD,Netherlands,0.8911961468404481
2022,NOR,Norway,0.9865779600369031
2022,NPL,Nepal,0.5759866662893371
2022,NZL,New Zealand,0.942276234332994
2022,PAK,Pakistan,0.48224492464273466
2022,PAN,Panama,0.5628003021256203
2022,PER,Peru,0.544806497292831
2022,PHL,Philippines,0.587147721711538
2022,POL,Poland,0.8940457925172394
2022,PRT,Portugal,0.8076939827346008
2022,PRY,Paraguay,0.5641255642891192
2022,ROU,Romania,0.6908684592015544
2022,RUS,Russian Federation,0.526742664908475
2022,RWA,Rwanda,0.6638719601210114
2022,SDN,Sudan,0.5385693254781874
2022,SEN,Senegal,0.6770660498704301
2022,SGP,Singapore,0.939573340311258
2022,SLE,Sierra Leone,0.38983735794934704
2022,SLV,El Salvador,0.6405888461151708
2022,SRB,Serbia,0.5220076285740789
2022,SUR,Suriname,0.5946683264787733
2022,SVK,Slovak Republic,0.6775959542869209
2022,SVN,Slovenia,0.7541115916551666
2022,SWE,Sweden,0.9225646556553295
2022,TGO,Togo,0.6447506057404664
2022,THA,Thailand,0.5347302677316057
2022,TTO,Trinidad and Tobago,0.6479302824860786
2022,TUN,Tunisia,0.593791591327404
2022,TUR,Türkiye,0.6301671519209799
2022,TZA,Tanzania,0.46979339227630523
2022,UGA,Uganda,0.36391936631160504
2022,UKR,Ukraine,0.4102239551874075
2022,URY,Uruguay,0.808664525053573
2022,USA,United States,0.870227072016389
2022,UZB,Uzbekistan,0.5194801681825078
2022,VCT,St. Vincent and the Grenadines,0.7379687698821191
2022,VEN,"Venezuela, RB",0.3943597405207406
2022,VNM,Vietnam,0.3988897634642074
2022,XKX,Kosovo,0.589391581794271
2022,ZAF,South Africa,0.5824878092422271
2022,ZMB,Zambia,0.3861650728000161
2022,ZWE,Zimbabwe,0.4529339199961483
2023,AFG,Afghanistan,0.4173750159927902
2023,AGO,Angola,0.5012311149815927
2023,ALB,Albania,0.4715254128231491
2023,ARE,United Arab Emirates,0.8727033883759707
2023,ARG,Argentina,0.5987570078144944
2023,ATG,Antigua and Barbuda,0.7846490136496574
2023,AUS,Australia,0.9057812286879904
2023,AUT,Austria,0.9145967372854109
2023,BEL,Belgium,0.8877867774336092
2023,BEN,Benin,0.6104327349826875
2023,BFA,Burkina Faso,0.5477999954826913
2023,BGD,Bangladesh,0.3926539894180825
2023,BGR,Bulgaria,0.6299605774296109
2023,BHS,The Bahamas,0.6981248309454059
2023,BIH,Bosnia and Herzegovina,0.5234370157643271
2023,BLR,Belarus,0.5369624183392991
2023,BLZ,Belize,0.5102531668682873
2023,BOL,Bolivia,0.4470453490946723
2023,BRA,Brazil,0.6185147253826133
2023,BRB,Barbados,0.8370812670935739
2023,BWA,Botswana,0.7148919620904168
2023,CAN,Canada,0.9531171563071204
2023,CHL,Chile,0.7712426626201963
2023,CHN,China,0.5957697067844689
2023,CIV,Côte d'Ivoire,0.5332878844454565
2023,CMR,Cameroon,0.4492948120161522
2023,COD,"Congo, Dem. Rep.",0.35182478246374854
2023,COG,"Congo, Rep.",0.47385931347410637
2023,COL,Colombia,0.6393316956817514
2023,CRI,Costa Rica,0.7519156430233676
2023,CYP,Cyprus,0.6922206079568354
2023,CZE,Czechia,0.8744928541268497
2023,DEU,Germany,0.8620370990800011
2023,DMA,Dominica,0.7125628983842857
2023,DNK,Denmark,0.9635436422850623
2023,DOM,Dominican Republic,0.6182772806458394
2023,DZA,Algeria,0.5250222941631218
2023,ECU,Ecuador,0.5198958206891322
2023,EGY,"Egypt, Arab Rep.",0.46709741728807175
2023,ESP,Spain,0.8222193921681951
2023,EST,Estonia,0.9040599762196835
2023,ETH,Ethiopia,0.4946630640882636
2023,FIN,Finland,0.9689287134741125
2023,FRA,France,0.850244282251674
2023,GAB,Gabon,0.5017666963724988
2023,GBR,United Kingdom,0.9426224601491435
2023,GEO,Georgia,0.7989654377302065
2023,GHA,Ghana,0.5311082935099956
2023,GIN,Guinea,0.4058768840810374
2023,GMB,The Gambia,0.4958950126424498
2023,GRC,Greece,0.6171185851095459
2023,GRD,Grenada,0.7931456832532631
2023,GTM,Guatemala,0.5645641450273703
2023,GUY,Guyana,0.6136375673948774
2023,HKG,"Hong Kong SAR, China",0.977687843810868
2023,HND,Honduras,0.5062270351388374
2023,HRV,Croatia,0.6661207878913045
2023,HTI,Haiti,0.40166263750075754
2023,HUN,Hungary,0.6201844980091704
2023,IDN,Indonesia,0.6784620095053625
2023,IND,India,0.4434532434842238
2023,IRL,Ireland,0.9245800078195965
2023,IRN,"Iran, Islamic Rep.",0.4242012627682048
2023,ITA,Italy,0.8210539847106015
2023,JAM,Jamaica,0.6952020936596081
2023,JOR,Jordan,0.7078814195679999
2023,JPN,Japan,0.9498727757104464
2023,KAZ,Kazakhstan,0.6471126249812131
2023,KEN,Kenya,0.46002113319761917
2023,KGZ,Kyrgyz Republic,0.3930262522763375
2023,KHM,Cambodia,0.2248974045125121
2023,KNA,St. Kitts and Nevis,0.7562314824627296
2023,KOR,"Korea, Rep.",0.8577314701456881
2023,KWT,Kuwait,0.741056419863358
2023,LBN,Lebanon,0.40088537037164024
2023,LBR,Liberia,0.3985011805111134
2023,LCA,St. Lucia,0.7357566086906198
2023,LKA,Sri Lanka,0.5629557198324939
2023,LTU,Lithuania,0.767034077919615
2023,LUX,Luxembourg,0.893174986016487
2023,LVA,Latvia,0.8203030643209424
2023,MAR,Morocco,0.5465402204360839
2023,MDA,Moldova,0.4475472972716391
2023,MDG,Madagascar,0.3876219569422562
2023,MEX,Mexico,0.5081407108358863
2023,MKD,North Macedonia,0.4966516527422789
2023,MLI,Mali,0.5027303844932702
2023,MLT,Malta,0.7265887069635215
2023,MMR,Myanmar,0.5836353423921538
2023,MNE,Montenegro,0.6820860460778373
2023,MNG,Mongolia,0.47290566075336843
2023,MOZ,Mozambique,0.4980139145191904
2023,MRT,Mauritania,0.3161559404025156
2023,MUS,Mauritius,0.8239540886161913
2023,MWI,Malawi,0.39711779641876505
2023,MYS,Malaysia,0.6692667411508293
2023,NAM,Namibia,0.6679992470140493
2023,NER,Niger,0.5573448060737092
2023,NGA,Nigeria,0.48594887748584636
2023,NIC,Nicaragua,0.5769777011595408
2023,NLD,Netherlands,0.8915082103129313
2023,NOR,Norway,0.9867639717556531
2023,NPL,Nepal,0.5680529530884088
2023,NZL,New Zealand,0.9427682330255227
2023,PAK,Pakistan,0.48052491821583826
2023,PAN,Panama,0.553208289424864
2023,PER,Peru,0.5537497282618693
2023,PHL,Philippines,0.5891507640373219
2023,POL,Poland,0.88447027892384
2023,PRT,Portugal,0.8039213879424283
2023,PRY,Paraguay,0.5546374211429888
2023,ROU,Romania,0.6967530410301459
2023,RUS,Russian Federation,0.532213366160442
2023,RWA,Rwanda,0.688398966277422
2023,SDN,Sudan,0.5086337313000968
2023,SEN,Senegal,0.6692530541018564
2023,SGP,Singapore,0.9413029897862849
2023,SLE,Sierra Leone,0.37865050815239043
2023,SLV,El Salvador,0.631326748064059
2023,SRB,Serbia,0.5187252572207037
2023,SUR,Suriname,0.5862557813528302
2023,SVK,Slovak Republic,0.6907154537780307
2023,SVN,Slovenia,0.7500291091886335
2023,SWE,Sweden,0.9238554043625484
2023,TGO,Togo,0.641054011381867
2023,THA,Thailand,0.5202432070092547
2023,TTO,Trinidad and Tobago,0.6306791267286109
2023,TUN,Tunisia,0.575398810983786
2023,TUR,Türkiye,0.6204371237599245
2023,TZA,Tanzania,0.4932373455562322
2023,UGA,Uganda,0.3584088073141499
2023,UKR,Ukraine,0.41068384001850144
2023,URY,Uruguay,0.8133860362245819
2023,USA,United States,0.8683268692552526
2023,UZB,Uzbekistan,0.5279383670937063
2023,VCT,St. Vincent and the Grenadines,0.7073139294715657
2023,VEN,"Venezuela, RB",0.4015156614592631
2023,VNM,Vietnam,0.41000374417617685
2023,XKX,Kosovo,0.5840029363053665
2023,ZAF,South Africa,0.5709382247831614
2023,ZMB,Zambia,0.40374682481515545
2023,ZWE,Zimbabwe,0.4449466337532746
2024,AFG,Afghanistan,0.4259954158734478
2024,AGO,Angola,0.47630494367797815
2024,ALB,Albania,0.46886113754190917
2024,ARE,United Arab Emirates,0.8632390273529673
2024,ARG,Argentina,0.6006936311389197
2024,ATG,Antigua and Barbuda,0.7952333606589631
2024,AUS,Australia,0.9120234235180696
2024,AUT,Austria,0.9256074996959922
2024,BEL,Belgium,0.8869422554975814
2024,BEN,Benin,0.6083625378717554
2024,BFA,Burkina Faso,0.5515511961120583
2024,BGD,Bangladesh,0.3934041721134126
2024,BGR,Bulgaria,0.5937317720715001
2024,BHS,The Bahamas,0.6932070316700502
2024,BIH,Bosnia and Herzegovina,0.5214821283366504
2024,BLR,Belarus,0.5256569460175251
2024,BLZ,Belize,0.5032150658927524
2024,BOL,Bolivia,0.44068294872698244
2024,BRA,Brazil,0.63867181600711
2024,BRB,Barbados,0.8398376952673858
2024,BWA,Botswana,0.7002589861713218
2024,CAN,Canada,0.9504761949086216
2024,CHL,Chile,0.7574527616469446
2024,CHN,China,0.5949324053049676
2024,CIV,Côte d'Ivoire,0.5305821573113938
2024,CMR,Cameroon,0.43584891348613497
2024,COD,"Congo, Dem. Rep.",0.36140604760406536
2024,COG,"Congo, Rep.",0.47638183787919575
2024,COL,Colombia,0.6272103630835564
2024,CRI,Costa Rica,0.7574003105968915
2024,CYP,Cyprus,0.6980491048383517
2024,CZE,Czechia,0.8676684172520985
2024,DEU,Germany,0.8730468775657063
2024,DMA,Dominica,0.716475580880773
2024,DNK,Denmark,0.9600181675824042
2024,DOM,Dominican Republic,0.6283259790401698
2024,DZA,Algeria,0.5256609229725175
2024,ECU,Ecuador,0.5015632606062914
2024,EGY,"Egypt, Arab Rep.",0.45659105085470886
2024,ESP,Spain,0.8296490483419766
2024,EST,Estonia,0.9119786561129608
2024,ETH,Ethiopia,0.48182742425019537
2024,FIN,Finland,0.9737133567706666
2024,FRA,France,0.8323729199257528
2024,GAB,Gabon,0.4944513190157229
2024,GBR,United Kingdom,0.9407769811672961
2024,GEO,Georgia,0.8032350776860486
2024,GHA,Ghana,0.5147815110949225
2024,GIN,Guinea,0.40717379387715913
2024,GMB,The Gambia,0.49768651277017584
2024,GRC,Greece,0.6372028372946485
2024,GRD,Grenada,0.8028316619580218
2024,GTM,Guatemala,0.5643541276467888
2024,GUY,Guyana,0.6203199201487459
2024,HKG,"Hong Kong SAR, China",0.9747570319017828
2024,HND,Honduras,0.5023203409007527
2024,HRV,Croatia,0.6554829173982883
2024,HTI,Haiti,0.3960707620453048
2024,HUN,Hungary,0.6169210115436008
2024,IDN,Indonesia,0.6886615656669006
2024,IND,India,0.4397878875044257
2024,IRL,Ireland,0.9248942082408173
2024,IRN,"Iran, Islamic Rep.",0.4244829707048216
2024,ITA,Italy,0.8305519628848763
2024,JAM,Jamaica,0.6886755501825959
2024,JOR,Jordan,0.7148084436563216
2024,JPN,Japan,0.9480126561672917
2024,KAZ,Kazakhstan,0.6654872534264695
2024,KEN,Kenya,0.44531025838580474
2024,KGZ,Kyrgyz Republic,0.3844278108040484
2024,KHM,Cambodia,0.23613044475946318
2024,KNA,St. Kitts and Nevis,0.7685997198106576
2024,KOR,"Korea, Rep.",0.8602169908966013
2024,KWT,Kuwait,0.7352150673398244
2024,LBN,Lebanon,0.3908704087049741
2024,LBR,Liberia,0.40164896480811174
2024,LCA,St. Lucia,0.7409608800628114
2024,LKA,Sri Lanka,0.5741149299072538
2024,LTU,Lithuania,0.8126636018584669
2024,LUX,Luxembourg,0.9183810004383623
2024,LVA,Latvia,0.8351418095182461
2024,MAR,Morocco,0.5434047394405555
2024,MDA,Moldova,0.45584117265120805
2024,MDG,Madagascar,0.39608855911715407
2024,MEX,Mexico,0.52470096304288
2024,MKD,North Macedonia,0.47911125017512324
2024,MLI,Mali,0.49342132436544917
2024,MLT,Malta,0.7430929562103747
2024,MMR,Myanmar,0.5809111885181113
2024,MNE,Montenegro,0.6666164018025522
2024,MNG,Mongolia,0.4911336598709184
2024,MOZ,Mozambique,0.48841942702989444
2024,MRT,Mauritania,0.32140016518149495
2024,MUS,Mauritius,0.8183442805588725
2024,MWI,Malawi,0.4101255709860814
2024,MYS,Malaysia,0.689844385492302
2024,NAM,Namibia,0.6745605078396005
2024,NER,Niger,0.5491270409073143
2024,NGA,Nigeria,0.4885905452425011
2024,NIC,Nicaragua,0.5727575806166052
2024,NLD,Netherlands,0.8935401615773783
2024,NOR,Norway,0.9868107112882767
2024,NPL,Nepal,0.5580519254486598
2024,NZL,New Zealand,0.9479606510183802
2024,PAK,Pakistan,0.47369296856763143
2024,PAN,Panama,0.5505949577639973
2024,PER,Peru,0.551327592745708
2024,PHL,Philippines,0.5871435601686006
2024,POL,Poland,0.8455499917414738
2024,PRT,Portugal,0.782674695630601
2024,PRY,Paraguay,0.5512753022476451
2024,ROU,Romania,0.6871820851345438
2024,RUS,Russian Federation,0.541520418159663
2024,RWA,Rwanda,0.7083028726556969
2024,SDN,Sudan,0.5226905319164505
2024,SEN,Senegal,0.6666491527671978
2024,SGP,Singapore,0.9447937321684245
2024,SLE,Sierra Leone,0.3358258087475813
2024,SLV,El Salvador,0.6279296450012417
2024,SRB,Serbia,0.5094561155439501
2024,SUR,Suriname,0.5985801345349102
2024,SVK,Slovak Republic,0.6919873406421129
2024,SVN,Slovenia,0.7457281894123553
2024,SWE,Sweden,0.9181637136496068
2024,TGO,Togo,0.6313083389476405
2024,THA,Thailand,0.5427078423862131
2024,TTO,Trinidad and Tobago,0.6171093599537347
2024,TUN,Tunisia,0.5984334531467443
2024,TUR,Türkiye,0.622531034199705
2024,TZA,Tanzania,0.5105221951949389
2024,UGA,Uganda,0.36920885120719593
2024,UKR,Ukraine,0.4089104510348285
2024,URY,Uruguay,0.8127742883187699
2024,USA,United States,0.8699350983057337
2024,UZB,Uzbekistan,0.5165142516919483
2024,VCT,St. Vincent and the Grenadines,0.7094213615558347
2024,VEN,"Venezuela, RB",0.39804636034278046
2024,VNM,Vietnam,0.4441819855764447
2024,XKX,Kosovo,0.585288061484772
2024,ZAF,South Africa,0.5636312623475139
2024,ZMB,Zambia,0.4074517335881491
2024,ZWE,Zimbabwe,0.4335366531442978
2025,AFG,Afghanistan,0.4188424911038986
2025,AGO,Angola,0.49031434087612197
2025,ALB,Albania,0.48895917930387567
2025,ARE,United Arab Emirates,0.8420141519765623
2025,ARG,Argentina,0.5991705695019012
2025,ATG,Antigua and Barbuda,0.7947125278464631
2025,AUS,Australia,0.9113172081222644
2025,AUT,Austria,0.9253018251783214
2025,BEL,Belgium,0.8855943618631377
2025,BEN,Benin,0.622085933799734
2025,BFA,Burkina Faso,0.5372504494741612
2025,BGD,Bangladesh,0.3957842497785193
2025,BGR,Bulgaria,0.5823899406566988
2025,BHS,The Bahamas,0.7068606274007998
2025,BIH,Bosnia and Herzegovina,0.5135816491767975
2025,BLR,Belarus,0.5346339769428854
2025,BLZ,Belize,0.49562431574184274
2025,BOL,Bolivia,0.4439947696584291
2025,BRA,Brazil,0.6370182749780469
2025,BRB,Barbados,0.846847334179992
2025,BWA,Botswana,0.709613201543333
2025,CAN,Canada,0.948270683170294
2025,CHL,Chile,0.7618782442961405
2025,CHN,China,0.6077821655680576
2025,CIV,Côte d'Ivoire,0.5339939699999905
2025,CMR,Cameroon,0.4394330961201134
2025,COD,"Congo, Dem. Rep.",0.3612087383887368
2025,COG,"Congo, Rep.",0.4612313377931738
2025,COL,Colombia,0.6347353386672829
2025,CRI,Costa Rica,0.7603289154412356
2025,CYP,Cyprus,0.705268437686905
2025,CZE,Czechia,0.8576301001508606
2025,DEU,Germany,0.871739406583647
2025,DMA,Dominica,0.7405901119130078
2025,DNK,Denmark,0.96500650957384
2025,DOM,Dominican Republic,0.6256926864428745
2025,DZA,Algeria,0.5058778418716292
2025,ECU,Ecuador,0.49764743924222954
2025,EGY,"Egypt, Arab Rep.",0.46414260683973696
2025,ESP,Spain,0.8364609628326731
2025,EST,Estonia,0.9121212366510014
2025,ETH,Ethiopia,0.46468803590285285
2025,FIN,Finland,0.970079783848507
2025,FRA,France,0.8234154215086553
2025,GAB,Gabon,0.5089998701766452
2025,GBR,United Kingdom,0.9396250025094575
2025,GEO,Georgia,0.7877398063130081
2025,GHA,Ghana,0.501838328922548
2025,GIN,Guinea,0.40903103546617114
2025,GMB,The Gambia,0.4928285947963375
2025,GRC,Greece,0.6350305270582898
2025,GRD,Grenada,0.8025777774563783
2025,GTM,Guatemala,0.5659268993319282
2025,GUY,Guyana,0.6108135877280023
2025,HKG,"Hong Kong SAR, China",0.9747570319017828
2025,HND,Honduras,0.4931493241533428
2025,HRV,Croatia,0.6599400618109383
2025,HTI,Haiti,0.39718969519273795
2025,HUN,Hungary,0.6003552752085626
2025,IDN,Indonesia,0.6935572356777584
2025,IND,India,0.44805209872893365
2025,IRL,Ireland,0.9125167624702908
2025,IRN,"Iran, Islamic Rep.",0.4255799832471446
2025,ITA,Italy,0.8152594195801449
2025,JAM,Jamaica,0.6885164540426171
2025,JOR,Jordan,0.7205312142720612
2025,JPN,Japan,0.9340785479003804
2025,KAZ,Kazakhstan,0.6477108400949992
2025,KEN,Kenya,0.43117738572724096
2025,KGZ,Kyrgyz Republic,0.3789345276940465
2025,KHM,Cambodia,0.24800914028710516
2025,KNA,St. Kitts and Nevis,0.7711952102854962
2025,KOR,"Korea, Rep.",0.8481218365247931
2025,KWT,Kuwait,0.6981777731237055
2025,LBN,Lebanon,0.3736712588301394
2025,LBR,Liberia,0.4078322620816565
2025,LCA,St. Lucia,0.7451319958151674
2025,LKA,Sri Lanka,0.580226952244949
2025,LTU,Lithuania,0.8229015220735849
2025,LUX,Luxembourg,0.9164520755050249
2025,LVA,Latvia,0.838125585924268
2025,MAR,Morocco,0.541481101080781
2025,MDA,Moldova,0.4500017756575776
2025,MDG,Madagascar,0.3985809725195786
2025,MEX,Mexico,0.5133878458244365
2025,MKD,North Macedonia,0.4801052190265518
2025,MLI,Mali,0.49044787075521223
2025,MLT,Malta,0.7227136197495747
2025,MMR,Myanmar,0.5766212682115226
2025,MNE,Montenegro,0.6718790499370544
2025,MNG,Mongolia,0.4690634363889602
2025,MOZ,Mozambique,0.4731896029068577
2025,MRT,Mauritania,0.32872349824275426
2025,MUS,Mauritius,0.8219605484127819
2025,MWI,Malawi,0.41268163790526596
2025,MYS,Malaysia,0.6893946361387097
2025,NAM,Namibia,0.6752596190696976
2025,NER,Niger,0.553089509542203
2025,NGA,Nigeria,0.49122923760601206
2025,NIC,Nicaragua,0.5613288320437695
2025,NLD,Netherlands,0.8920166197138841
2025,NOR,Norway,0.9870512891019674
2025,NPL,Nepal,0.5379431287949206
2025,NZL,New Zealand,0.9496894587138931
2025,PAK,Pakistan,0.4654743854004728
2025,PAN,Panama,0.5452491081099351
2025,PER,Peru,0.5372551208075005
2025,PHL,Philippines,0.5925842548133158
2025,POL,Poland,0.8458888180460299
2025,PRT,Portugal,0.7780349714147324
2025,PRY,Paraguay,0.5476249243316246
2025,QAT,Qatar,0.6640250906765601
2025,ROU,Romania,0.6995896747263936
2025,RUS,Russian Federation,0.5129434535435096
2025,RWA,Rwanda,0.7274007814072734
2025,SDN,Sudan,0.5223311048755127
2025,SEN,Senegal,0.6632543224088621
2025,SGP,Singapore,0.9415926178654035
2025,SLE,Sierra Leone,0.34758580828362384
2025,SLV,El Salvador,0.6063039527133101
2025,SRB,Serbia,0.4898921353846408
2025,SUR,Suriname,0.6069671623050585
2025,SVK,Slovak Republic,0.66588443632513
2025,SVN,Slovenia,0.7332991868302399
2025,SWE,Sweden,0.9226400103837902
2025,TGO,Togo,0.6394834263930831
2025,THA,Thailand,0.5219204949354683
2025,TTO,Trinidad and Tobago,0.6127718711805163
2025,TUN,Tunisia,0.5959828521479399
2025,TUR,Türkiye,0.6214208435960585
2025,TZA,Tanzania,0.48114773244292075
2025,UGA,Uganda,0.3560773656220775
2025,UKR,Ukraine,0.4110063448614174
2025,URY,Uruguay,0.8212200678905321
2025,USA,United States,0.8669935394663293
2025,UZB,Uzbekistan,0.5125617125574696
2025,VCT,St. Vincent and the Grenadines,0.7140148858453199
2025,VEN,"Venezuela, RB",0.40561069467694155
2025,VNM,Vietnam,0.43140715389606177
2025,XKX,Kosovo,0.5679257910503611
2025,ZAF,South Africa,0.5793150813905906
2025,ZMB,Zambia,0.3871729879212495
2025,ZWE,Zimbabwe,0.4353945211475365
